,distance
0,0.1284437601838164
1,0.6992302350832027
2,0.6973911895387058
3,0.785067007195824
4,0.4753633522401058
5,0.17668161779550876
6,0.5285055052907629
7,0.37589359983797455
8,0.20829499608911212
9,0.9161022379941922
10,0.11293080407138266
11,0.4753633522401058
12,0.25953459474730844
13,0.03284382927518674
14,0.5885866745952218
15,0.19526839538521115
16,0.17606470221545295
17,0.6089467435461698
18,0.21811533466209876
19,0.5350625666890051
20,0.22019534016936593
21,0.05056718937950791
22,0.4753633522401058
23,0.2613985284422084
24,0.9100240821242244
25,0.08907829196515392
26,0.785067007195824
27,0.7677271787024479
28,0.5218164367958443
29,0.03284382927518674
30,0.20802927365211163
31,0.1553853836122415
32,0.8157789051725016
33,0.4890276981164189
34,0.8487910273403751
35,0.836436015394465
36,0.35404523059282444
37,0.8270928102496322
38,0.8717243625391136
39,0.6861716859848708
40,0.21811533466209876
41,0.30414310339275175
42,0.804540734321502
43,0.5371199769889837
44,0.5331639036401892
45,0.14414724454452366
46,0.7601191350731036
47,0.4837546292338721
48,0.14832050178060158
49,0.4837546292338721
50,0.5271318098672582
51,0.5626865208248684
52,0.2713585915675694
53,0.4682170546755684
54,0.7626269697259536
55,0.3962925709210889
56,0.25953459474730844
57,0.30727489116437334
58,0.18773960129265863
59,0.18773960129265863
60,0.8314272157142604
61,0.20212010118965545
62,0.4183265909499959
63,0.2613985284422084
64,0.5409721391211705
65,0.043971902844540105
66,0.05056718937950791
67,0.41232796637097363
68,0.13411242802160311
69,0.1284437601838164
70,0.3000911205876633
71,0.4630218953537987
72,0.10340114660784082
73,0.44249971082043116
74,0.11792620752357957
75,0.24642753588997562
76,0.4001234374852561
77,0.6068332524326169
78,0.8183230857019619
79,0.3854874042986395
80,0.08281581788145105
81,0.39236102823048713
82,0.4753633522401058
83,0.5199786432075703
84,0.4761695630142583
85,0.013308294007750411
86,0.7677271787024479
87,0.9013511258009786
88,0.10397155705767905
89,0.3124402574333527
90,0.15238427577714428
91,0.2930699464236513
92,0.8785190061708807
93,0.565522637441377
94,0.565522637441377
95,0.5584071085546743
96,0.2621989700609059
97,0.791877745855858
98,0.39570403570097445
99,0.7868913911852276
100,0.08907829196515392
101,0.2613985284422084
102,0.3859177208617738
103,0.9083722841858355
104,0.8157789051725016
105,0.5409721391211705
106,0.33812926917811026
107,0.5299190504687358
108,0.14064843320675038
109,0.5703804384425099
110,0.1283059549034625
111,0.8435384252520933
112,0.4761695630142583
113,0.5275564740093323
114,0.06868323282600988
115,0.5613124526865583
116,0.430571203116822
117,0.8849053234216906
118,0.5008165167008712
119,0.6660196114759127
120,0.8185774553605966
121,0.4528656451195384
122,0.013308294007750411
123,0.2590424369521884
124,0.9276205738078807
125,0.10397155705767905
126,0.4753633522401058
127,0.5182970427916659
128,0.20212010118965545
129,0.5683982898694587
130,0.18773960129265863
131,0.2984711248139161
132,0.5409721391211705
133,0.5514332960608407
134,0.3769154769085048
135,0.5364719681693287
136,0.667466118092725
137,0.6852188933806723
138,0.8369423244075992
139,0.5628002752831462
140,0.10397155705767905
141,0.1933790827417277
142,0.9004739812343738
143,0.45077208159070614
144,0.08907829196515392
145,0.15238427577714428
146,0.30179992212555
147,0.5409721391211705
148,0.8367580955716332
149,0.5028022541344052
150,0.8580645687548134
151,0.043971902844540105
152,0.8347128434186347
153,0.4786034663888017
154,0.31831031927719744
155,0.1705112945734479
156,0.6195124319299724
157,0.9078311309345287
158,0.6973911895387058
159,0.430571203116822
160,0.4753633522401058
161,0.5584071085546743
162,0.834670127090467
163,0.11792620752357957
164,0.8720371453563401
165,0.4753633522401058
166,0.5491187964072003
167,0.7280546732914168
168,0.13823912140911215
169,0.06820373536296913
170,0.2848194175184868
171,0.30041236290437273
172,0.4753633522401058
173,0.24614564504371214
174,0.4753633522401058
175,0.42623274906213054
176,0.3364594119232091
177,0.5480354695137442
178,0.46466534391021685
179,0.7821490677150856
180,0.7037032452972379
181,0.8487910273403751
182,0.43405827185910895
183,0.4761695630142583
184,0.512155460523935
185,0.8391484659009263
186,0.1027747097814342
187,0.3730380503427035
188,0.3004388252676442
189,0.8104902012035735
190,0.18773960129265863
191,0.8075860446132145
192,0.647106282160523
193,0.7280805979299482
194,0.15498287651407947
195,0.3941411397215775
196,0.3008039862627363
197,0.03284382927518674
198,0.3686827160088211
199,0.1705112945734479
200,0.5258184788671465
201,0.3941411397215775
202,0.3941411397215775
203,0.4753633522401058
204,0.2590424369521884
205,0.46589853260508224
206,0.7562032157262202
207,0.7845019800017485
208,0.13497377339828034
209,0.36895926467271456
210,0.43822573372785334
211,0.4557943219392795
212,0.8982917771354718
213,0.2891117311550919
214,0.6512031848174886
215,0.1738094878478703
216,0.3941411397215775
217,0.4466448644529708
218,0.7280637096852869
219,0.29221717186416096
220,0.5491187964072003
221,0.5491187964072003
222,0.040052091367846335
223,0.8974641511090528
224,0.26185296014782816
225,0.29959945898043183
226,0.6973911895387058
227,0.24642753588997562
228,0.7179014026126015
229,0.4001234374852561
230,0.04828577013226083
231,0.7508515537579458
232,0.37050268541546705
233,0.5215514157974555
234,0.7702987152700242
235,0.8939179148753178
236,0.7179830737347399
237,0.31831031927719744
238,0.4650273268948582
239,0.13497377339828034
240,0.7603317966908464
241,0.288853078103564
242,0.6063403016278471
243,0.7193240001744942
244,0.7607515363280195
245,0.9276205738078807
246,0.22011175101814734
247,0.2537314083375971
248,0.2611670340236949
249,0.5478875393051397
250,0.5719721488279677
251,0.5386497865500995
252,0.5673789975359682
253,0.36196717863655153
254,0.5425691876478956
255,0.9059488676347519
256,0.8974641511090528
257,0.5703804384425099
258,0.592035478523672
259,0.5354590962417405
260,0.6846410896086305
261,0.5008165167008712
262,0.8477166173766778
263,0.5648373004339254
264,0.3910887930233092
265,0.4584796334572999
266,0.4302807574523167
267,0.41482082325686215
268,0.11982371308524602
269,0.3896532241869905
270,0.3740526760481315
271,0.4906010548812583
272,0.4146418216250172
273,0.09022731661326172
274,0.5140418314615472
275,0.2726565493159418
276,0.7778792200021207
277,0.10340114660784082
278,0.5746018175166471
279,0.5861770992598943
280,0.5965924959998903
281,0.4259972866285158
282,0.17166561260068314
283,0.12598864897725714
284,0.28138433707335736
285,0.4466448644529708
286,0.430571203116822
287,0.8157789051725016
288,0.4906010548812583
289,0.5285055052907629
290,0.3941411397215775
291,0.9004739812343738
292,0.31831031927719744
293,0.4753633522401058
294,0.46589853260508224
295,0.517395065524577
296,0.3812812120891125
297,0.6950839507905449
298,0.5800014051154884
299,0.2749289984383469
300,0.8342346753786356
301,0.9156849494743894
302,0.785002003096547
303,0.8779736893222558
304,0.4837546292338721
305,0.16388731617969515
306,0.2605178156945494
307,0.13558602267021896
308,0.0653511935916512
309,0.5425691876478956
310,0.39381717958819135
311,0.6089467435461698
312,0.38241268925075506
313,0.5318527194415438
314,0.9507273598892942
315,0.38314557013332506
316,0.32054348128000737
317,0.8369423244075992
318,0.4001234374852561
319,0.5514332960608407
320,0.03284382927518674
321,0.5575634284136854
322,0.5613124526865583
323,0.7596406157452702
324,0.16902622973829634
325,0.3740526760481315
326,0.4753633522401058
327,0.7320358815061165
328,0.6195124319299724
329,0.17401646701994722
330,0.3257095187049642
331,0.2848194175184868
332,0.4584796334572999
333,0.4753633522401058
334,0.5827085151180487
335,0.15141292337289503
336,0.8391484659009263
337,0.48046087036373447
338,0.4753633522401058
339,0.4584796334572999
340,0.28697892519602713
341,0.7522772261682719
342,0.3442522970096391
343,0.13628386993481734
344,0.5514332960608407
345,0.1756177726659882
346,0.8980252038949058
347,0.2215164023842474
348,0.023943840414226918
349,0.5218164367958443
350,0.15141292337289503
351,0.3689678093013266
352,0.7818940001623901
353,0.573620561867089
354,0.491376693536715
355,0.7286414364295406
356,0.5636164996626984
357,0.4753633522401058
358,0.5349027216739684
359,0.5867227384086454
360,0.8625235801084659
361,0.12111570961538529
362,0.7103169436062831
363,0.21140490618590027
364,0.7128873204262801
365,0.07688793020686506
366,0.5267709757761437
367,0.9117727899643929
368,0.5991050148503098
369,0.12333346525425418
370,0.20514287367722087
371,0.1755389263728234
372,0.30539004139211046
373,0.13875662530988897
374,0.4753633522401058
375,0.592035478523672
376,0.7443823004502966
377,0.4753633522401058
378,0.7463280515050769
379,0.40135044734296516
380,0.4786034663888017
381,0.8630318209661243
382,0.5271318098672582
383,0.24642753588997562
384,0.10839427759955873
385,0.3715143317994777
386,0.4873643104852738
387,0.2749289984383469
388,0.5278596627048338
389,0.4682170546755684
390,0.6535205766376533
391,0.21811533466209876
392,0.4753633522401058
393,0.5885866745952218
394,0.9839977251400559
395,0.6442688388695595
396,0.871361045849353
397,0.5510468581844606
398,0.7778792200021207
399,0.4753633522401058
400,0.5514332960608407
401,0.8793470728083648
402,0.8275118068883988
403,0.3670564870825522
404,0.8174169190521311
405,0.3953666737507549
406,0.430571203116822
407,0.11792620752357957
408,0.9189173814062476
409,0.43781320538118695
410,0.8302982132937353
411,0.7600044433691895
412,0.4236986217862457
413,0.5703804384425099
414,0.7870631238476208
415,0.1381808731775525
416,0.5919051210864419
417,0.573620561867089
418,0.5613124526865583
419,0.11792620752357957
420,0.09401540941953672
421,0.3651319142115229
422,0.5491187964072003
423,0.28629117878081944
424,0.18773960129265863
425,0.3715143317994777
426,0.6713242530120517
427,0.8809324042336852
428,0.7353595059965484
429,0.8008748541472323
430,0.5425691876478956
431,0.5275564740093323
432,0.6973911895387058
433,0.08907829196515392
434,0.6660196114759127
435,0.7179830737347399
436,0.45077208159070614
437,0.7509900874666146
438,0.13492623474800622
439,0.4534521079769398
440,0.27139974701521463
441,0.8070140969870784
442,0.8126915498619559
443,0.12599633927749743
444,0.03284382927518674
445,0.9450764515204977
446,0.7443118019272883
447,0.38257565248679504
448,0.34817191804278685
449,0.2609843467364802
450,0.5403769999303881
451,0.7103169436062831
452,0.7570458422085771
453,0.650834950346298
454,0.2867083628244892
455,0.5351583214987238
456,0.9789769142028548
457,0.5648373004339254
458,0.377478867799493
459,0.22445426521785405
460,0.5668843901123306
461,0.5491187964072003
462,0.7508515537579458
463,0.8720228226357684
464,0.4023940261581756
465,0.8158801769773744
466,0.02603231295278472
467,0.4302807574523167
468,0.5409721391211705
469,0.5285055052907629
470,0.5708821531330692
471,0.37050268541546705
472,0.4584796334572999
473,0.8377103420546389
474,0.4753633522401058
475,0.3907169399691212
476,0.2530945670891737
477,0.52095097071697
478,0.5683982898694587
479,0.21436698272822532
480,0.13628386993481734
481,0.4584796334572999
482,0.1738094878478703
483,0.46466534391021685
484,0.799278473680107
485,0.8435384252520933
486,0.3740526760481315
487,0.4072958059294743
488,0.30041236290437273
489,0.4584796334572999
490,0.4630218953537987
491,0.4060525627858877
492,0.4528656451195384
493,0.4584796334572999
494,0.4906010548812583
495,0.5648373004339254
496,0.430571203116822
497,0.06820373536296913
498,0.46589853260508224
499,0.8677955368322791
500,0.5941059694449593
501,0.10340114660784082
502,0.12211406544754151
503,0.42594008920295384
504,0.12437534639210081
505,0.35404523059282444
506,0.7318756995187734
507,0.7890888059419738
508,0.18773960129265863
509,0.2609947629640468
510,0.2537314083375971
511,0.4753633522401058
512,0.20115432115599535
513,0.14851405668394047
514,0.7562032157262202
515,0.1283059549034625
516,0.3273772471807337
517,0.22445426521785405
518,0.1545965324566398
519,0.7685658062204076
520,0.4753633522401058
521,0.5491187964072003
522,0.5215514157974555
523,0.2382674478954195
524,0.7976659518569662
525,0.4753633522401058
526,0.28697892519602713
527,0.3839160725565329
528,0.11792620752357957
529,0.7519425845460889
530,0.7881875184557049
531,0.31831031927719744
532,0.4753633522401058
533,0.49901789729776225
534,0.6852188933806723
535,0.7179014026126015
536,0.5285055052907629
537,0.4753633522401058
538,0.592035478523672
539,0.7747204004702783
540,0.31844099977524065
541,0.8369423244075992
542,0.6632639863408105
543,0.519848943521356
544,0.7802003242386838
545,0.6973911895387058
546,0.153451680711627
547,0.7191143647890561
548,0.48181591420228703
549,0.3393215384287716
550,0.1553853836122415
551,0.17682208226880403
552,0.1284437601838164
553,0.7318756995187734
554,0.31390233896958747
555,0.8441744234949987
556,0.9624591262689532
557,0.9402706650194609
558,0.03284382927518674
559,0.5673713251545621
560,0.2233209137940845
561,0.8487910273403751
562,0.4753633522401058
563,0.31831031927719744
564,0.48892482945742305
565,0.3682677697955469
566,0.07688793020686506
567,0.3021307479205806
568,0.5935435921630692
569,0.4753633522401058
570,0.4753633522401058
571,0.4485717101279977
572,0.7425637889760859
573,0.5708821531330692
574,0.10413196194316206
575,0.4690140029243697
576,0.573620561867089
577,0.013308294007750411
578,0.389563103163557
579,0.8157789051725016
580,0.5364719681693287
581,0.5575634284136854
582,0.03284382927518674
583,0.7634841591797856
584,0.10863702241744701
585,0.8157789051725016
586,0.5210864049188361
587,0.47550386665072064
588,0.38257565248679504
589,0.3008039862627363
590,0.5941059694449593
591,0.5074263239577915
592,0.48889943622158444
593,1.804412893296988
594,1.1696164398325997
595,1.1696164398325997
596,1.1696164398325997
597,0.5927220271014673
598,0.7260415197586498
599,1.804412893296988
600,1.1696164398325997
601,1.1696164398325997
602,1.418446853166008
603,1.418446853166008
604,0.5065762054688112
605,0.6525310883756802
606,0.5573135040451472
607,1.1696164398325997
608,1.1696164398325997
609,0.5248344612662746
610,1.804412893296988
611,1.1959624628468535
612,1.1696164398325997
613,0.6180265501741548
614,0.5478170587742466
615,1.1696164398325997
616,1.1696164398325997
617,0.5826940790310805
618,0.5526983501335488
619,0.5643027628982067
620,1.1696164398325997
621,1.804412893296988
622,1.804412893296988
623,1.804412893296988
624,1.1696164398325997
625,0.5695885623297074
626,1.172368323430678
627,1.418446853166008
628,1.418446853166008
629,1.1696164398325997
630,1.1696164398325997
631,0.7114752553401782
632,0.6657261443600735
633,1.1696164398325997
634,1.1696164398325997
635,0.6989722598008645
636,0.6144286896359489
637,1.804412893296988
638,1.1696164398325997
639,1.1696164398325997
640,0.5878300117883645
641,1.1696164398325997
642,1.1696164398325997
643,0.6858468734047518
644,1.1696164398325997
645,0.5478170587742466
646,0.5877813162419004
647,0.6212359193321636
648,0.6580927826148588
649,1.1851865880181238
650,0.6417508982702931
651,1.1696164398325997
652,0.5618688973733056
653,0.6908090438694378
654,0.5717685662544714
655,1.804412893296988
656,1.1696164398325997
657,0.5582443466495498
658,1.804412893296988
659,1.1696164398325997
660,1.1696164398325997
661,1.804412893296988
662,1.804412893296988
663,0.6946785564950049
664,0.6723155860162328
665,1.1696164398325997
666,1.1696164398325997
667,1.8889734084792404
668,1.899762159560697
669,2.0486597936863533
670,1.7953154165962477
671,1.9677444975789826
672,1.9153999684664185
673,2.056365561586049
674,1.8004048406584174
675,1.7862818971507912
676,1.8507558694960962
677,1.9904594851393917
678,1.8324909517856551
679,1.9507411258387122
680,1.8753677106120434
681,1.8169474492671838
682,1.956274443132578
683,1.8300884816571175
684,1.83830299639501
685,1.962237477307284
686,1.9046086789166503
687,1.966592704813072
688,1.8361834915232993
689,2.023041762789699
690,1.908754747051332
691,1.9118136740943692
692,1.9317308238564073
693,1.8208645448120424
694,1.944702938184728
695,1.9818511366872311
696,1.8799240878198005
697,1.8936312422340265
698,2.0024344124179168
699,2.5070912911375887
700,1.9306399164863737
701,1.9077342101879469
702,1.866864618306124
703,2.0017327461837007
704,1.9591844712016537
705,1.9298048670354377
706,2.0900527842413488
707,1.9740213515996599
708,1.8941213222612827
709,1.85055950812161
710,1.966592704813072
711,1.9200410457662702
712,2.001066221463073
713,1.9501317108100775
714,1.7932528429415373
715,2.0755745950273137
716,1.9748624652973388
717,1.9168162032612437
718,2.0410574087171147
719,1.8873730609557724
720,1.9411274855805833
721,1.8852900710375393
722,1.8365325262033922
723,1.9425486673312473
724,1.8273861435200336
725,1.7827539327418405
726,1.9078289717688937
727,1.969120763993223
728,1.909568917635713
729,1.8697146366387225
730,1.889138691477284
731,1.8923194657184286
732,1.819225657105301
733,1.803971553236047
734,1.8799240878198005
735,2.0354980360026853
736,1.943341630678695
737,2.026003951082056
738,1.8944249280487386
739,1.9242416244937228
740,1.9110739883228955
741,1.7709721803611163
742,1.7663200721362757
743,1.9069283043461598
744,1.9935943609065692
745,1.853363697765123
746,2.094657604282167
747,2.09913944245148
748,1.9388030294726235
749,1.910267345640174
750,1.924726627754166
751,1.7699962674663565
752,2.0990941258825244
753,1.8777990374928295
754,1.85055950812161
755,2.055216996088623
756,1.8889734084792404
757,1.9209916515409462
758,1.8678818441422722
759,2.0983182201311608
760,1.8340589319836331
761,1.8893823553271285
762,2.1064078297935107
763,1.915458791950584
764,1.8996216846780132
765,2.0946710901930294
766,1.9077546126511733
767,2.0414439631463748
768,2.002270344124488
769,1.8172964622562475
770,2.0886617977281725
771,1.9650038695755152
772,1.9495632739225806
773,1.9935248834875243
774,1.9525634871761448
775,1.946076093112324
776,1.8904028249384626
777,1.969120763993223
778,2.0303025833016344
779,1.924726627754166
780,1.99741706933037
781,1.9746686128320727
782,2.0765190689005895
783,1.990834067116927
784,1.938815372246782
785,2.1208070679708784
786,1.8889734084792404
787,1.9284661662553504
788,1.9061431900126802
789,1.9078289717688937
790,2.073367501563581
791,1.9650038695755152
792,1.982873452509909
793,1.787546879481366
794,1.8486218942606936
795,1.8324909517856551
796,1.976321076148328
797,2.0093153004639115
798,1.8698560936534905
799,1.9904594851393917
800,1.8877666150337884
801,1.775714932778254
802,2.1036344447256043
803,1.842759169749893
804,1.8599331649591067
805,1.8833749589534585
806,1.8719120423855298
807,1.98530929535899
808,1.8518700487801798
809,1.8053097241715779
810,1.9353077575133826
811,1.9040006021337
812,1.883615147086932
813,1.9343081423373405
814,1.908754747051332
815,1.8985717440075247
816,1.979546407286259
817,1.8368813120886134
818,2.026804697288239
819,1.9170463009944458
820,1.990834067116927
821,1.7709721803611163
822,1.8437140223625192
823,1.7911124907389258
824,1.960208417714034
825,1.944966158578755
826,1.9911687985604227
827,2.0261466906677508
828,1.9304479937801384
829,1.8365325262033922
830,1.9988666026745274
831,1.9348398021685926
832,1.866864618306124
833,1.8214971283805363
834,1.9954145001019445
835,2.008286841526389
836,1.9712352104969564
837,2.019074387314941
838,1.8601003041879554
839,1.933590131660155
840,1.8753677106120434
841,1.8344050357655315
842,1.9978129841387395
843,1.8344541012422737
844,1.787447474136229
845,1.931122297605548
846,1.9997826078234164
847,1.9458839904025778
848,2.001483580617992
849,2.1064078297935107
850,0.8623334282812063
851,0.6323985623751367
852,0.8590003614385618
853,0.5478987449467874
854,0.37185075821893665
855,0.7768852999561472
856,0.9703903568704656
857,0.898894030549608
858,0.6561804096078953
859,0.7889680791896471
860,0.3705862708483098
861,1.014838872089506
862,0.5170658979472726
863,0.6969346564039882
864,0.7561070543496897
865,0.7827935148134927
866,0.5875239317412578
867,0.5222099376267307
868,0.9923739331634256
869,0.9250606181690171
870,0.8376718267050172
871,0.422715825933256
872,0.872174527009307
873,0.6173966234547039
874,0.9863927959919881
875,0.7472198769876086
876,0.5259624997601374
877,0.9014372634345331
878,0.8051308095656232
879,0.4001649116453141
880,0.629060448067946
881,0.9448241318575025
882,0.9739103528777285
883,0.5238837980897743
884,0.5794431295422191
885,0.4228842563879327
886,0.8207301477749486
887,0.7265354464760909
888,0.5690755721404629
889,0.5503260774006982
890,0.5753846653178313
891,0.6198609446676282
892,0.7265354464760909
893,0.6215534909734665
894,0.3705862708483098
895,0.5503260774006982
896,0.883553870757722
897,0.7258032195174459
898,0.7561070543496897
899,0.422715825933256
900,0.9062787561001351
901,0.9519522730750617
902,0.9113653281263753
903,0.872174527009307
904,0.5074870808719412
905,0.5238837980897743
906,0.6201431327975707
907,0.7949748852185685
908,0.9158756482742886
909,0.859254083728068
910,0.8666455428132861
911,0.8623334282812063
912,0.594533088464223
913,0.5903546810970598
914,0.7634423494438528
915,0.6936150549985574
916,0.41198390722211076
917,0.7029559868688694
918,0.7396768039499442
919,0.5951423239078389
920,0.8018306709558708
921,0.6969346564039882
922,0.918834551689154
923,1.061476904722115
924,0.648132919970993
925,0.3705862708483098
926,0.8844862526122937
927,0.5853255234724136
928,0.5753846653178313
929,0.918834551689154
930,0.6254321456277706
931,0.9740107010101942
932,0.6681803174436084
933,0.9510533539377374
934,0.7527163780005192
935,0.896515737255425
936,1.4857846548754245
937,0.3705862708483098
938,0.953249421479943
939,0.8134465926507815
940,0.8386610682605597
941,1.029020793095804
942,0.8333769357126284
943,0.6729022873333026
944,0.5503260774006982
945,1.01984369821643
946,0.6369375914050482
947,0.5994061422268355
948,0.8755980945292712
949,0.9185927513266137
950,0.5003126156415614
951,0.8810584994900645
952,0.829515897903452
953,0.7322207379133642
954,0.9267705670259117
955,0.7949748852185685
956,0.5853255234724136
957,0.8051308095656232
958,0.7252818292761833
959,0.5170658979472726
960,0.37185075821893665
961,0.6369375914050482
962,0.3705862708483098
963,0.6215534909734665
964,0.6248518398423168
965,0.5912240868322948
966,0.7759437086654964
967,0.8130698004971023
968,0.3705862708483098
969,0.3705862708483098
970,0.763211723726406
971,0.9019345978387686
972,1.0042496820269509
973,0.8552621621062476
974,1.0632722984869665
975,0.5753846653178313
976,0.8552621621062476
977,0.3705862708483098
978,0.5503260774006982
979,0.8516053199370678
980,0.5222099376267307
981,0.9842267091364902
982,0.6664790146032112
983,0.9637682938538104
984,0.9062594761941426
985,0.47744035283014824
986,0.4434377526165602
987,0.1063687439796526
988,0.1470710301406713
989,0.4463840321194315
990,0.2750677924361379
991,0.11203937821398376
992,0.3737191643817762
993,0.317723744702116
994,0.3002367635457874
995,0.42778534125189804
996,0.28205037007078143
997,0.24304071384918688
998,0.3823493900965854
999,0.3550720305964452
1000,0.37299828921897416
1001,0.13984570226491297
1002,0.3822765838219772
1003,0.36904994137952146
1004,0.40789629410968464
1005,0.49016796364991383
1006,0.09356027665524275
1007,0.38559768644289893
1008,0.10832338646324124
1009,0.34030713570579063
1010,0.39285433914866946
1011,0.22929727446806486
1012,0.29631892964297496
1013,0.2840874813853843
1014,0.38704456075983795
1015,0.23196315439729775
1016,0.39098731294549555
1017,0.3668106141293136
1018,0.4209611903958347
1019,0.27224067046694544
1020,0.31686153359418356
1021,0.15873448062064693
1022,0.4021457402461174
1023,0.23196315439729775
1024,0.43284335433511795
1025,0.4336423633438996
1026,0.3732922798804791
1027,0.4049878045544064
1028,0.2770555295452675
1029,0.337923614218304
1030,0.41345757106670716
1031,0.19078215888978592
1032,0.0751968496739578
1033,0.14032755597392335
1034,0.35204171321750816
1035,0.43635083415672804
1036,0.35066916769392353
1037,0.40917355140160505
1038,0.32277041268198003
1039,0.20588694596565843
1040,0.3656342800742884
1041,0.1946778004824409
1042,0.2422213725024219
1043,0.2624255852437941
1044,0.33105448269724896
1045,0.472054016284523
1046,0.3082246791464902
1047,0.2786202356079308
1048,0.44037429487610585
1049,0.40615755040835255
1050,0.30541532559276413
1051,0.3470508865002887
1052,0.34655487031666427
1053,0.3420586688139565
1054,0.40917355140160505
1055,0.21088047224476011
1056,0.23774296272246445
1057,0.09423268414491338
1058,0.2511306175266767
1059,0.40635796863353313
1060,0.44550844402923456
1061,0.3972945998971637
1062,0.41345757106670716
1063,0.35527393044667066
1064,0.21738620636507838
1065,0.15177276709912324
1066,0.4626668354707463
1067,0.3453935827067666
1068,0.06794574613567812
1069,0.41610919423905474
1070,0.3722255024410783
1071,0.48177836907271276
1072,0.2400376871708754
1073,0.20030851206446107
1074,0.2663629418175458
1075,0.3704732852260472
1076,0.3392310398541612
1077,0.14224156706758975
1078,0.3295455069674753
1079,0.4481247629625966
1080,0.4492116863423095
1081,0.31319090379815123
1082,0.43785287509669296
1083,0.37452280027939355
1084,0.2921838893310137
1085,0.4324541751892511
1086,0.09356027665524275
1087,0.11739661266050187
1088,0.40922799721608266
1089,0.3704732852260472
1090,0.51109979744125
1091,0.1319625755749174
1092,0.3038919368828993
1093,0.38379633750996556
1094,0.320030720248608
1095,0.482907981338627
1096,0.23774296272246445
1097,0.39621879606497873
1098,0.44263196246790526
1099,0.07450239868686655
1100,0.40635796863353313
1101,0.482907981338627
1102,0.33816304461659025
1103,0.30376426450347
1104,0.18153588671424073
1105,0.173964571822086
1106,0.3605893770055207
1107,0.37452280027939355
1108,0.2408432795900183
1109,0.3395688288251484
1110,0.4993252608766428
1111,0.23774296272246445
1112,0.3976652858088216
1113,0.2819293915989899
1114,0.25566840842312494
1115,0.3954079849573181
1116,0.29140455488823874
1117,0.3996428038417239
1118,0.5069584741618475
1119,0.43304418809032375
1120,0.4629986977206159
1121,0.4332954119678136
1122,0.39285433914866946
1123,0.09423268414491338
1124,0.2277991855348005
1125,0.38884890222575536
1126,0.3668106141293136
1127,0.2912073475356762
1128,0.3605893770055207
1129,0.28349385740562866
1130,0.6020515586901284
1131,0.3616991665467706
1132,0.436963973628542
1133,0.46479363168955473
1134,0.1569660378920077
1135,0.34185992314842045
1136,0.24642018865460272
1137,0.4071096039707622
1138,0.21961549690834947
1139,0.14191311258524508
1140,0.43134694968195936
1141,0.4017738058264747
1142,0.35614346152389503
1143,0.37367756983274214
1144,0.13904967469182525
1145,0.3365350983863884
1146,0.3418960684398424
1147,0.424712676014316
1148,0.4481247629625966
1149,0.43791675007188896
1150,0.4953785045660519
1151,0.5567745305529521
1152,0.1369594335954776
1153,0.43253480360733154
1154,0.4147964264812631
1155,0.3165166424217564
1156,0.4626241541534801
1157,0.261726647803444
1158,0.47535832430881064
1159,0.3491580999758153
1160,0.06500565844911248
1161,0.11203937821398376
1162,0.3332238694795111
1163,0.4184383223968101
1164,0.2422213725024219
1165,0.23774296272246445
1166,0.3908647401856601
1167,0.4307794994964021
1168,0.3731723742994814
1169,0.17569446427480925
1170,0.240226827788339
1171,0.3732317297636722
1172,0.23774296272246445
1173,0.3252807448520881
1174,0.3377760816110107
1175,0.3082246791464902
1176,0.2628488408293076
1177,0.44037429487610585
1178,0.4481247629625966
1179,0.3224112255777133
1180,0.4088362786538542
1181,0.2968946587687978
1182,0.37452280027939355
1183,0.3130212628698405
1184,0.45916416389567266
1185,0.42091960903399056
1186,0.16505111123442845
1187,0.21500411648184
1188,0.15530443753037007
1189,0.4023622455190574
1190,0.5334006170797263
1191,0.2422213725024219
1192,0.12141170868711633
1193,0.5213454338918876
1194,0.4353097454805124
1195,0.3797401282365052
1196,0.4841188635896866
1197,0.40894769695183025
1198,0.32150276415339
1199,0.3797401282365052
1200,0.44924224182825045
1201,0.26234324719865804
1202,0.3174699876998927
1203,0.2117738304142643
1204,0.1282946875025272
1205,0.41358243492024793
1206,0.23388053106946474
1207,0.46781504384763406
1208,0.354316059697717
1209,0.5334006170797263
1210,0.2997365901204663
1211,0.31452177921242985
1212,0.4526425199664781
1213,0.3934564597855919
1214,0.11683405385280227
1215,0.19736811875373153
1216,0.21319848324540655
1217,0.4953785045660519
1218,0.10087815956307705
1219,0.32623537976954115
1220,0.18585258253706485
1221,0.3922063967741905
1222,0.5351817533556263
1223,0.28383289709698356
1224,0.3749084333046863
1225,0.22237761981756948
1226,0.28905625103206145
1227,0.36732903285121704
1228,0.416954513673137
1229,0.41541533356499577
1230,0.271293281811499
1231,0.3971207601330714
1232,0.32169730066854907
1233,0.42709129076883906
1234,0.3172046230787758
1235,0.33003470718667843
1236,0.20223531789798363
1237,0.31703694565366825
1238,0.22109407609731857
1239,0.3662135964334485
1240,0.28358467326656883
1241,0.3184818071654462
1242,0.4481247629625966
1243,0.3983632458344771
1244,0.37298608297073366
1245,0.2552379271100551
1246,0.47269697210110606
1247,0.24500193536638237
1248,0.23309170241279809
1249,0.2865828356575572
1250,0.37298608297073366
1251,0.3851523872017359
1252,0.3401239358405764
1253,0.20056470589208894
1254,0.3319812448592359
1255,0.23309170241279809
1256,0.2624388591168449
1257,0.3717656612484604
1258,0.3290245547417033
1259,0.214462425735294
1260,0.26164327156791684
1261,0.33779388620843986
1262,0.2998324508912705
1263,0.2911841429336311
1264,0.3033308298463699
1265,0.3479421641983048
1266,0.47269697210110606
1267,0.4086940408530373
1268,0.1800434306502555
1269,0.2552379271100551
1270,0.15387654113283133
1271,0.22736661855845086
1272,0.3567501935076293
1273,0.30825300022770635
1274,0.356111968231014
1275,0.20924196245662635
1276,0.3907068652690392
1277,0.2998324508912705
1278,0.47269697210110606
1279,0.5768269127800861
1280,0.33856435483638947
1281,0.21029990558686046
1282,0.2624388591168449
1283,0.3401239358405764
1284,0.38209451258696353
1285,0.1973143116918003
1286,1.179809409936734
1287,1.21731433170404
1288,1.2472711984278737
1289,1.2839464766763977
1290,1.2754535684169452
1291,1.4549181699108171
1292,1.3014609012278189
1293,1.3638473188288074
1294,1.2280428920947264
1295,1.2082265649092883
1296,1.0234020060688886
1297,1.2408072437028554
1298,1.2376235529835966
1299,1.4883042705351976
1300,1.3679384687582523
1301,1.2368869694852607
1302,1.2772119616219426
1303,1.3001822215089032
1304,1.2298743821083045
1305,1.133152103881528
1306,1.0234020060688886
1307,1.2322472148176846
1308,1.3014609012278189
1309,1.3872536273134841
1310,1.181357995575356
1311,1.2754535684169452
1312,1.240706977696099
1313,1.3696888555199047
1314,1.3001822215089032
1315,1.3353275718226558
1316,1.2861647750925909
1317,1.1436388121350594
1318,1.3927440014532255
1319,1.2878532061486638
1320,1.2368398624658385
1321,1.3589046137881642
1322,1.17735297618738
1323,1.2368869694852607
1324,1.2214109008997944
1325,1.2522426463505154
1326,1.3001822215089032
1327,1.2998623486843217
1328,1.3578643141989357
1329,1.2368398624658385
1330,1.342292184418655
1331,1.129797757114952
1332,1.412045935740355
1333,1.3615218850936874
1334,1.3724885553386088
1335,1.4358468954116228
1336,1.1625924141428323
1337,1.183263305738463
1338,1.229002793176296
1339,1.3145930644305694
1340,1.1381525332386608
1341,1.162505581348665
1342,1.3717522772681305
1343,1.2366142572611758
1344,1.181357995575356
1345,1.2980385442373055
1346,1.2754535684169452
1347,1.4490020791119826
1348,1.298859436212694
1349,1.230071534523533
1350,1.1360216104496539
1351,1.2754535684169452
1352,1.2322472148176846
1353,1.230071534523533
1354,1.1875087979435621
1355,1.0234020060688886
1356,1.3296303334631534
1357,1.339603794810879
1358,1.2261044547547248
1359,1.4208668959495103
1360,1.2816135621778209
1361,1.0234020060688886
1362,1.131484205164126
1363,1.1954699921509997
1364,1.1666885325843541
1365,1.2280304749084097
1366,1.3896476376691993
1367,1.2754535684169452
1368,1.134790355140585
1369,1.3784668730607277
1370,1.341908287904729
1371,1.3949459720280368
1372,1.3191576673233134
1373,1.2221610748242902
1374,1.3506472635102755
1375,1.234931620491106
1376,1.303584782625425
1377,1.2607864561586146
1378,1.131484205164126
1379,1.2611558284510664
1380,1.4573678138588164
1381,1.1446286611645133
1382,1.287911340777371
1383,1.2366142572611758
1384,1.2515669867620796
1385,1.318724889601488
1386,1.1325833957437927
1387,1.2816135621778209
1388,1.0234020060688886
1389,1.186232420914227
1390,1.2368869694852607
1391,1.183263305738463
1392,1.181357995575356
1393,1.3092187897304186
1394,1.165780716616883
1395,1.2507256334635624
1396,1.2874278596432378
1397,1.195102505326182
1398,1.4035472275177379
1399,1.4743109283207878
1400,1.2754535684169452
1401,1.1436388121350594
1402,1.1875087979435621
1403,1.3379707375822798
1404,1.131484205164126
1405,1.2355956266540349
1406,1.3759523546311552
1407,1.344855768658143
1408,1.3975906063272676
1409,1.3949459720280368
1410,1.1371432213438653
1411,1.1651657321122257
1412,1.2772119616219426
1413,1.323508760465383
1414,1.230071534523533
1415,1.3354710763503623
1416,1.357425111805821
1417,1.1766121481612164
1418,1.1875087979435621
1419,1.1381525332386608
1420,1.168677318702738
1421,1.1330110234864847
1422,1.0234020060688886
1423,1.3039835612150212
1424,1.3234254805102612
1425,1.3933556785906667
1426,1.168059807181541
1427,1.2562838384926944
1428,1.2816135621778209
1429,1.3218759055748552
1430,1.1696723092885666
1431,1.3354710763503623
1432,1.275323808633292
1433,1.4177183036210204
1434,1.2754535684169452
1435,1.205701454882496
1436,1.234931620491106
1437,1.2007247103622323
1438,1.205824711522527
1439,1.3357641389282846
1440,1.1325833957437927
1441,1.2754535684169452
1442,1.2029873082321942
1443,1.3354710763503623
1444,1.2816135621778209
1445,1.3724885553386088
1446,1.2205560536392421
1447,1.3618139249644983
1448,1.1154376107004238
1449,1.3724885553386088
1450,1.0234020060688886
1451,1.257120419839656
1452,1.274510720087924
1453,1.3682814457707635
1454,1.4099480666774398
1455,1.1656599206799299
1456,1.2754535684169452
1457,1.2110118928984768
1458,1.2754535684169452
1459,1.2214109008997944
1460,1.2754535684169452
1461,1.250888389963273
1462,1.3717627358253317
1463,1.184879261246737
1464,1.1754196655327365
1465,1.3014609012278189
1466,1.3014609012278189
1467,1.1449565018983459
1468,1.4073999808065327
1469,1.133519147091667
1470,1.1875087979435621
1471,1.428368450458715
1472,1.4368384791925455
1473,1.246358153080045
1474,1.2754535684169452
1475,1.1874630255563563
1476,1.1322696485117087
1477,1.2879154777352093
1478,1.162505581348665
1479,1.2894047567776348
1480,1.3354710763503623
1481,1.135494674206469
1482,0.2485739744512853
1483,0.32447223482154997
1484,0.4882102169894987
1485,0.22018382538321318
1486,0.3789466804147985
1487,0.5773676708826978
1488,0.41276191939495194
1489,0.22255283997355002
1490,0.4207470200908811
1491,0.41965386901141644
1492,0.4710366577017719
1493,0.2607395958203435
1494,0.5938503799457682
1495,0.5754411771661452
1496,0.16169914245863762
1497,0.23058871194142036
1498,0.29557150395474613
1499,0.22572769705462423
1500,0.24696551840567763
1501,0.30751609907965366
1502,0.5006779333465144
1503,0.23786710514142992
1504,0.5027122389422338
1505,0.417123906086567
1506,0.27203023572594653
1507,0.4674172328258849
1508,0.35876561507792887
1509,0.34106852217927885
1510,0.7153286587685738
1511,0.5243216229569074
1512,0.526946759628451
1513,0.4733531698560628
1514,0.3619702186799081
1515,0.48461061863729965
1516,0.4483006437693374
1517,0.2391963048822647
1518,0.30927796079112785
1519,0.4538650262026596
1520,0.6142749292412623
1521,0.44448978149242285
1522,0.42652149373011033
1523,0.48086392235696496
1524,0.49969413891342
1525,0.4344106028776556
1526,0.558960518317164
1527,0.49969413891342
1528,0.5066421036289128
1529,0.5860492045863055
1530,0.5098243382095152
1531,0.4488393445924631
1532,0.34375348168854786
1533,0.6539146745471864
1534,0.5969390028348509
1535,0.2883721162317809
1536,0.21514396171262762
1537,0.2925074058847482
1538,0.3789466804147985
1539,0.5125566246329512
1540,0.4571344357936045
1541,0.47626924627256295
1542,0.577022906559148
1543,0.6492572630459607
1544,0.3233989608051768
1545,0.42654180819080956
1546,0.2996556684067611
1547,0.5358610615259537
1548,0.49642449273486117
1549,0.49951160101474656
1550,0.4124271658228887
1551,0.3198270081744744
1552,0.29413397647818673
1553,0.3433197795887715
1554,0.45655373906652735
1555,0.5054483457372697
1556,0.18146302210965845
1557,0.4925744312156649
1558,0.47391762336328475
1559,0.37005140279175985
1560,0.5545220708179175
1561,0.2591523028735792
1562,0.22404305566241128
1563,0.2195466513325418
1564,0.6788950676494108
1565,0.48461061863729965
1566,0.373878819331872
1567,0.6033981811912312
1568,0.25499369087057905
1569,0.25499369087057905
1570,0.48597960621129727
1571,0.5940664185687179
1572,0.4571344357936045
1573,0.42511287387251057
1574,0.4351635229562266
1575,0.5682528915925735
1576,0.38265421270635636
1577,0.6111152298380538
1578,0.3898903930855723
1579,0.23213306973185405
1580,0.22404305566241128
1581,0.35620917789153317
1582,0.40997844443297443
1583,0.6219837489034029
1584,0.36708615113397763
1585,0.3031705486208561
1586,0.276883465763328
1587,0.41131924758014676
1588,0.2195466513325418
1589,0.42282377398584925
1590,0.39476224278375605
1591,0.41911512165250414
1592,0.3989624660172399
1593,0.36361904824912494
1594,0.26253677775838596
1595,0.23616255243520834
1596,0.46196866316532137
1597,0.31526570969953793
1598,0.3005978772368264
1599,0.45987042899996755
1600,0.23027782975470082
1601,0.20147403229252508
1602,0.4419406934283806
1603,0.3339802183589964
1604,0.6397697450675013
1605,0.40085566610975254
1606,0.5243216229569074
1607,0.5079522824476101
1608,0.5430917303203359
1609,0.5067595934844941
1610,0.2962928659135573
1611,0.3144096176840303
1612,0.2407094116386802
1613,0.18057777731215738
1614,0.7741584935176296
1615,0.6679918756025924
1616,0.26477628885284904
1617,0.29916243931607206
1618,0.6210261703731367
1619,0.6753316320039847
1620,0.2619733029591035
1621,0.38316765227331323
1622,0.6150683568493415
1623,0.45033343586523006
1624,0.577022906559148
1625,0.4194655818520316
1626,0.4991577256445041
1627,0.6043425486286821
1628,0.43087145942782634
1629,0.3844359504164343
1630,0.38661646053430115
1631,0.47902053974297554
1632,0.4958705914953437
1633,0.6492648446353888
1634,0.5485222625827141
1635,0.3704097283861775
1636,0.43143233560365385
1637,0.21833862027584774
1638,0.36994027178871053
1639,0.4699738839697722
1640,0.3156641139241921
1641,0.7080565523847614
1642,0.4331936808704577
1643,0.3133325317200498
1644,0.452710255869307
1645,0.329359622545674
1646,0.4195583699173244
1647,0.3839893603200321
1648,0.307438864881066
1649,0.44313498899664944
1650,0.729393807950505
1651,0.3647357024444326
1652,0.462335999581535
1653,0.31526570969953793
1654,0.37106627169034606
1655,0.3999222890559329
1656,0.35593838735795336
1657,0.5417692941204421
1658,0.44490144948008814
1659,0.4373251736947549
1660,0.37035040659815643
1661,0.6425285108194982
1662,0.3044100772178944
1663,0.5877797545064122
1664,0.15337162893642473
1665,0.5545220708179175
1666,0.2864632735999122
1667,0.7108682443180474
1668,0.40997844443297443
1669,0.3622998622158565
1670,0.48800271454548827
1671,0.29928391441546204
1672,0.5545220708179175
1673,0.5156503887166604
1674,0.2869296612843428
1675,0.6538720495357522
1676,0.2857111499832431
1677,0.21715366505524994
1678,0.523383955338736
1679,0.2873739244167393
1680,0.3117732650033995
1681,0.6695816908499744
1682,0.4604145745683559
1683,0.49835371950654617
1684,0.5753741532865971
1685,0.38661646053430115
1686,0.6008723500123875
1687,0.39753891172158945
1688,0.4769338956444244
1689,0.34087296674907674
1690,0.20881423589557746
1691,0.5841804337939931
1692,0.5860492045863055
1693,0.45677979253988765
1694,0.3961515724300106
1695,0.3133325317200498
1696,0.5143060381446036
1697,0.2597337946063024
1698,0.4062096476785244
1699,0.40985422055653375
1700,0.33733504653304086
1701,0.40777417375347735
1702,0.49145923226532967
1703,0.3121553353641769
1704,0.4967493167869314
1705,0.2692760148150933
1706,0.4201227100818005
1707,0.18635730573751919
1708,0.3937418408666337
1709,0.43187439943353684
1710,0.418984365725581
1711,0.2656423063996073
1712,0.3144096176840303
1713,0.4474129184476204
1714,0.3363850629146779
1715,0.25499369087057905
1716,0.45057116523551194
1717,0.4033117332905626
1718,0.5236929704380603
1719,0.4643201097998646
1720,0.45192103964724545
1721,0.6377444110261504
1722,0.44010529470625254
1723,0.5211352565526481
1724,0.3913793924479702
1725,0.329359622545674
1726,0.342478422645964
1727,0.5199381135272633
1728,0.4117885717720543
1729,0.256611072334417
1730,0.37103745932528764
1731,0.5668080133436615
1732,0.25499369087057905
1733,0.3459003384992879
1734,0.3502947631306643
1735,0.4763568929690494
1736,0.4463418293429133
1737,0.2626462070664893
1738,0.3122807810207877
1739,0.4196347406208255
1740,0.43912704111170203
1741,0.3554907578382338
1742,0.36437805332405687
1743,0.32235860048082643
1744,0.43989420664740364
1745,0.37008662717752605
1746,0.31982725586127964
1747,0.5121345630976626
1748,0.3651832079788784
1749,0.37108986362793867
1750,0.3608055873148408
1751,0.4228531851456548
1752,0.4527752790466568
1753,0.4260276025941563
1754,0.5875663070297871
1755,0.5545220708179175
1756,0.2083348032436087
1757,0.5545220708179175
1758,0.2731751786583333
1759,0.23086640507653308
1760,0.29483667367060007
1761,0.20801955174830983
1762,0.3874344779182257
1763,0.44171759684064454
1764,0.49755089579437634
1765,0.36560767499716873
1766,0.7647255336385841
1767,0.2691781278022884
1768,0.5268455937827853
1769,0.39903172182767166
1770,0.3910258368051651
1771,0.467835542520484
1772,0.5661025067249537
1773,0.5688442346675379
1774,0.6150102732980665
1775,0.19287327648641467
1776,0.22572753559960548
1777,0.3383221196401071
1778,0.49911460960217047
1779,0.3555457553333065
1780,0.5470755952206632
1781,0.4667967889490545
1782,0.7795662348566956
1783,0.49946922591975657
1784,0.2925074058847482
1785,0.2941649488771834
1786,0.41181623412607327
1787,0.3133325317200498
1788,0.7392663140588942
1789,0.4293760187968596
1790,0.6574198785510782
1791,0.5098243382095152
1792,0.7003439641608113
1793,0.5959806830498887
1794,0.17308864444671154
1795,0.48597960621129727
1796,0.26424306780053003
1797,0.49969413891342
1798,0.25792909922153073
1799,0.39825133422579634
1800,0.300556771262243
1801,0.6156504772228162
1802,0.37167962522782905
1803,0.2797766171757477
1804,0.4514399161192355
1805,0.4031919701403532
1806,0.276883465763328
1807,0.2272662411384466
1808,0.2719284749599972
1809,0.46801905533899185
1810,0.4967493167869314
1811,0.3652041766533236
1812,0.2616487994924005
1813,0.5278307891452859
1814,0.2610995161926464
1815,0.3890806061993272
1816,0.4056077782201918
1817,0.2830816294880771
1818,0.40719229762821085
1819,0.683734635594252
1820,0.469717095484118
1821,0.3982929889435942
1822,0.38057745851059943
1823,0.22620457448650316
1824,0.40997844443297443
1825,0.5754411771661452
1826,0.4033117332905626
1827,0.1938172606564372
1828,0.41325626808880683
1829,0.26477628885284904
1830,0.290974650396451
1831,0.5125566246329512
1832,0.44070168019070755
1833,0.45192103964724545
1834,0.3797060689560086
1835,0.5588720553973171
1836,0.5125566246329512
1837,0.6776764231673053
1838,0.577022906559148
1839,0.41443640151980143
1840,0.488170173000893
1841,0.4104918240349087
1842,0.29913416147544303
1843,0.5541090945751617
1844,0.5470994682671659
1845,0.2340426598257962
1846,0.5875663070297871
1847,0.21634013806806246
1848,0.45655373906652735
1849,0.30935991615101444
1850,0.3474895564371346
1851,0.31890134097108064
1852,0.4165209420971244
1853,0.2506814755119508
1854,0.2077010252126329
1855,0.45039337460962453
1856,0.49911460960217047
1857,0.680733645149662
1858,0.48876293737971316
1859,0.5410397274610246
1860,0.6419153193347397
1861,0.2869296612843428
1862,0.42963925408213
1863,0.24146163494981193
1864,0.3144096176840303
1865,0.42893358079678884
1866,0.3694977126387182
1867,0.2685511552272795
1868,0.5688442346675379
1869,0.13722045252220041
1870,0.5430917303203359
1871,0.5959806830498887
1872,0.4958705914953437
1873,0.4955804083336845
1874,0.5037142993445741
1875,0.4194655818520316
1876,0.6620075312968015
1877,0.5150633644422894
1878,0.4585177500217584
1879,0.313282058972873
1880,0.700194343911162
1881,0.243169719130182
1882,0.4051675698945557
1883,0.4520689167938318
1884,0.42036855185695515
1885,0.698060505438686
1886,0.4171646549552249
1887,0.6377444110261504
1888,0.3988551793747594
1889,0.7274009476214343
1890,0.44928443845287597
1891,0.6548118393598565
1892,0.4457429679783691
1893,0.44928443845287597
1894,0.4351635229562266
1895,0.4650845535951408
1896,0.504383796191713
1897,0.30056698336868964
1898,0.4539966918283352
1899,0.3747630965794235
1900,0.39954229337960323
1901,0.2784250687960028
1902,0.20458704158854907
1903,0.23027782975470082
1904,0.2570186570310788
1905,0.4689566087237201
1906,0.38568351308956744
1907,0.24518609953966342
1908,0.3956917904785449
1909,0.5403588746556238
1910,0.4905855769117524
1911,0.36361904824912494
1912,0.5446570433241403
1913,0.23316011841823345
1914,0.39090599971132
1915,0.5545220708179175
1916,0.473472298714328
1917,0.44070168019070755
1918,0.49969413891342
1919,0.4867175227988251
1920,0.7158326185705978
1921,0.6092777108398739
1922,0.22894499328884782
1923,0.19767796583067374
1924,0.3789466804147985
1925,0.5612488165616902
1926,0.5588773434538805
1927,0.5525739854104355
1928,0.44335856410635605
1929,0.2857111499832431
1930,0.5609099719967094
1931,0.2510236049828054
1932,0.24267111860393847
1933,0.5794482120904829
1934,0.6124850063351447
1935,0.25134664309524446
1936,0.32621014187816794
1937,0.24345675637290853
1938,0.4746274377878199
1939,0.4311993551621781
1940,0.35669446405490546
1941,0.3704097283861775
1942,0.37103745932528764
1943,0.34625940851657355
1944,0.17487117882088413
1945,0.2374158349129097
1946,0.4165209420971244
1947,0.4952504834201454
1948,0.5267312592204278
1949,0.4470757421075209
1950,0.47204335525017316
1951,0.2360348715159401
1952,0.6254509546791297
1953,0.6111848869981341
1954,0.6221658060200932
1955,0.4207470200908811
1956,0.5277600912202055
1957,0.24389364963149865
1958,0.24689036403276887
1959,0.5156503887166604
1960,0.34106852217927885
1961,0.38661646053430115
1962,0.37963225741973633
1963,0.4907397120534654
1964,0.4010611162325857
1965,0.2619733029591035
1966,0.6938207708633947
1967,0.23316011841823345
1968,0.3090558990630549
1969,0.4643201097998646
1970,0.5179066303108275
1971,0.28008082930702805
1972,0.7150144492285355
1973,0.37520424679503434
1974,0.5862935869709821
1975,0.7000773109921639
1976,0.4774167063079934
1977,0.6723560281686124
1978,0.44411760271583045
1979,0.3361171608314207
1980,0.45200818142649335
1981,0.1969305818092357
1982,0.19762807989125064
1983,0.21294528942894925
1984,0.1933348040007836
1985,0.12424721574855292
1986,0.277036372621654
1987,0.2924109559221381
1988,0.243561629410301
1989,0.1595113453798592
1990,0.2534614921331605
1991,0.2367294861929886
1992,0.24155397303912726
1993,0.3348140015393435
1994,0.2500484058954986
1995,0.2657142730210295
1996,0.2620035027082071
1997,0.28154111995388936
1998,0.23777307379022253
1999,0.2578177996102579
2000,0.3178332990890995
2001,0.23962364904990727
2002,0.09318142035435048
2003,0.1555433486084902
2004,0.11535928801405387
2005,0.12599415724603508
2006,0.1746014629033434
2007,0.1120394009791081
2008,0.31403276005696606
2009,0.2663590869310352
2010,0.1595113453798592
2011,0.1725854221401722
2012,0.3311962013657247
2013,0.26010667369258655
2014,0.3178332990890995
2015,0.1595113453798592
2016,0.3166434659702442
2017,0.26377636192770215
2018,0.28416465277057473
2019,0.320523633689456
2020,0.11582115805656566
2021,0.21890822404437651
2022,0.1595113453798592
2023,0.32112946750539795
2024,0.1571559151247952
2025,0.21294528942894925
2026,0.20283011305700832
2027,0.3178332990890995
2028,0.3597632920871603
2029,0.20667649923067005
2030,0.2555196671840097
2031,0.2215737283448919
2032,0.15350881332145994
2033,0.28416465277057473
2034,0.2588762447055402
2035,0.32112946750539795
2036,0.3159568948207876
2037,0.28416465277057473
2038,0.24336647155814542
2039,0.20769494200989527
2040,0.20294983420490917
2041,0.14702046307480937
2042,0.334241157459583
2043,0.28416465277057473
2044,0.1742920420442474
2045,0.3535709214442278
2046,0.23620849339975053
2047,0.22652503266437776
2048,0.32549998363978633
2049,0.2885453951445645
2050,0.24009937523033667
2051,0.2877682532986962
2052,0.2821186233266951
2053,0.17685210653746336
2054,0.20769494200989527
2055,0.19896915224776301
2056,0.2895157180432143
2057,0.2521751435243788
2058,0.15350881332145994
2059,0.321218516919523
2060,0.2975718872923666
2061,0.26048665980211955
2062,0.21055666530229591
2063,0.3597632920871603
2064,0.1746069424639195
2065,0.32692888612190457
2066,0.2384481233739844
2067,0.21524538063060808
2068,0.2604510800272855
2069,0.13926558176607412
2070,0.2811432611829856
2071,0.17200761062438988
2072,0.33014000715842323
2073,0.14849018309724107
2074,0.29647720532482574
2075,0.3006479329940962
2076,0.30332597154746105
2077,0.20534742513686546
2078,0.22497464958739366
2079,0.2454596327906852
2080,0.17753977104094773
2081,0.26244913122376423
2082,0.2619493370100227
2083,0.2745113035124662
2084,0.11770784645363215
2085,0.31349141749971837
2086,0.26348723772015525
2087,0.26709303898271175
2088,0.09067713156131359
2089,0.21051484041518695
2090,0.23795745338893357
2091,0.08634956013431615
2092,0.09765723916982907
2093,0.09067713156131359
2094,0.12294637746507345
2095,0.13720236663420243
2096,0.10168780360568859
2097,0.0896455139288094
2098,0.10168780360568859
2099,0.08555782090622359
2100,0.2532688369195065
2101,0.08274411213105273
2102,0.3344289838958231
2103,0.17813437192935133
2104,0.21357790592940942
2105,0.2505565688587855
2106,0.12099050744317552
2107,0.3344289838958231
2108,0.19397820611440553
2109,0.21091615740938585
2110,0.11394598934844512
2111,0.12053397633483794
2112,0.11063183022132603
2113,0.013212756031776633
2114,0.1984114181550627
2115,0.20969726811896724
2116,0.11579987244361042
2117,0.16604050861500413
2118,0.15516743611186892
2119,0.17813437192935133
2120,0.14752040807287436
2121,0.0938784150353659
2122,0.042300118991165016
2123,0.17085760493868551
2124,0.11063183022132603
2125,0.13415253410685238
2126,0.19526915321236735
2127,0.16348297738549133
2128,0.10168780360568859
2129,0.060993725540949235
2130,0.08089090827136412
2131,0.2711263316288918
2132,0.2627743790169596
2133,0.23551325373822843
2134,0.14920353244844506
2135,0.06457889773076674
2136,0.060993725540949235
2137,0.1224508863497041
2138,0.2009823945106946
2139,0.09219899015009578
2140,0.06457889773076674
2141,0.11856081340651187
2142,0.10781874647147903
2143,0.20996743606000623
2144,0.10162509842135058
2145,0.12440020718678463
2146,0.041691887194474586
2147,0.21428991659486543
2148,0.0855931564040563
2149,0.09842414189174868
2150,0.22270755638431278
2151,0.1475990271326741
2152,0.2744864512045005
2153,0.23551325373822843
2154,0.2052593823349583
2155,0.0484147435055109
2156,0.14920353244844506
2157,0.177903318857378
2158,0.21608420199817918
2159,0.0324600140213477
2160,0.09017129496318517
2161,0.09455774121133854
2162,0.1694479719864794
2163,0.057800421905160534
2164,0.21480282902538303
2165,0.24020753973568923
2166,0.11601390013556967
2167,0.05991616497732992
2168,0.09067713156131359
2169,0.20560591645364812
2170,0.22270755638431278
2171,0.18948107200567638
2172,0.11997586212956697
2173,0.21608420199817918
2174,0.07393741525621111
2175,0.22283313523318854
2176,0.1711792849504175
2177,0.11406171024514633
2178,0.08284770413112763
2179,0.057800421905160534
2180,0.20080956493984586
2181,0.21424041119677673
2182,0.1667020853634223
2183,0.08555782090622359
2184,0.01941546782608917
2185,0.06822083613645478
2186,0.10166132987272922
2187,0.2443454526526447
2188,0.07256134442877696
2189,0.15380932731616842
2190,0.07397688482390882
